,start,end
0,2022-09-19 10:15:09.585996,2022-09-19 10:15:10.586147
1,2022-09-19 10:15:10.622026,2022-09-19 10:15:10.686024
2,2022-09-19 10:15:11.358012,2022-09-19 10:15:13.893951
3,2022-09-19 10:15:13.930213,2022-09-19 10:15:13.993904
4,2022-09-19 10:15:14.030063,2022-09-19 10:15:14.094838
5,2022-09-19 10:15:14.130094,2022-09-19 10:15:14.193929
6,2022-09-19 10:15:14.230108,2022-09-19 10:15:14.293886
7,2022-09-19 10:15:14.462938,2022-09-19 10:15:15.698128
8,2022-09-19 10:15:16.602097,2022-09-19 10:15:17.601921
9,2022-09-19 10:15:17.770131,2022-09-19 10:15:19.574012
10,2022-09-19 10:15:19.605817,2022-09-19 10:15:19.673904
11,2022-09-19 10:15:19.706071,2022-09-19 10:15:19.773815
12,2022-09-19 10:15:21.146536,2022-09-19 10:15:21.946240
13,2022-09-19 10:15:21.979989,2022-09-19 10:15:22.046072
14,2022-09-19 10:15:22.077962,2022-09-19 10:15:22.246589
15,2022-09-19 10:15:22.277854,2022-09-19 10:15:22.346344
16,2022-09-19 10:15:22.381945,2022-09-19 10:15:22.446073
17,2022-09-19 10:15:22.481950,2022-09-19 10:15:22.514279
18,2022-09-19 10:15:24.718045,2022-09-19 10:15:28.058162
19,2022-09-19 10:15:28.094684,2022-09-19 10:15:28.157945
20,2022-09-19 10:15:29.663975,2022-09-19 10:15:29.797822
21,2022-09-19 10:15:33.973850,2022-09-19 10:15:43.925806
22,2022-09-19 10:15:43.963664,2022-09-19 10:15:44.125790
23,2022-09-19 10:15:44.162526,2022-09-19 10:15:44.230897
24,2022-09-19 10:15:44.262452,2022-09-19 10:15:44.330306
25,2022-09-19 10:15:44.361716,2022-09-19 10:15:44.393866
